IP Address,Login Source,Login Date & Time
96.235.29.67,Mobile,"Aug 1, 2019, 7:36:44 PM"
96.235.29.67,Web,"Aug 1, 2019, 7:38:38 PM"
96.235.29.67,Web,"Aug 1, 2019, 7:40:39 PM"
192.124.34.30,Web,"Oct 14, 2019, 2:56:41 PM"
71.116.62.16,Web,"Jan 4, 2020, 7:16:56 PM"
192.124.34.30,Web,"Jan 14, 2020, 8:48:44 PM"
71.116.62.16,Web,"Feb 2, 2020, 8:54:10 PM"
71.116.62.16,Web,"Feb 15, 2020, 3:42:58 AM"
71.116.62.16,Web,"Apr 13, 2020, 8:33:10 PM"
71.116.62.16,Web,"Apr 15, 2020, 8:02:25 PM"
71.116.62.16,Web,"Apr 26, 2020, 3:26:29 AM"
71.116.62.16,Web,"Apr 28, 2020, 12:21:59 AM"
71.116.62.16,Web,"May 10, 2020, 12:43:59 PM"
71.116.62.16,Web,"May 16, 2020, 9:56:42 PM"
71.116.62.16,Web,"May 19, 2020, 9:41:13 PM"
71.116.62.16,Web,"May 23, 2020, 7:58:21 PM"
71.116.62.16,Web,"May 26, 2020, 9:56:20 PM"
71.116.62.16,Web,"May 29, 2020, 6:18:32 PM"
71.116.62.16,Web,"Jun 11, 2020, 3:15:33 PM"
71.116.62.16,Web,"Jun 16, 2020, 7:14:10 PM"
71.116.62.16,Web,"Jun 24, 2020, 2:33:29 PM"
71.116.62.16,Web,"Jun 28, 2020, 1:46:07 PM"
71.116.62.16,Web,"Jun 29, 2020, 11:31:04 AM"
71.116.62.16,Web,"Jul 6, 2020, 12:02:30 AM"
71.116.62.16,Web,"Jul 8, 2020, 1:59:28 PM"
71.116.62.16,Web,"Jul 10, 2020, 3:59:24 PM"
64.67.40.162,Web,"Aug 5, 2020, 11:34:00 AM"
64.67.40.162,Web,"Aug 14, 2020, 3:44:18 PM"
64.67.40.162,Web,"Aug 18, 2020, 4:43:36 PM"
64.67.40.162,Web,"Aug 20, 2020, 5:56:51 PM"
64.67.40.162,Web,"Aug 23, 2020, 7:04:27 PM"
64.67.40.162,Web,"Aug 29, 2020, 3:37:13 PM"
208.58.20.194,Web,"Sep 1, 2020, 12:02:09 PM"
64.67.40.162,Web,"Sep 8, 2020, 10:43:00 PM"
64.67.40.162,Web,"Sep 12, 2020, 12:12:34 AM"
64.67.40.162,Web,"Sep 20, 2020, 1:00:06 AM"
208.58.20.194,Web,"Sep 22, 2020, 2:37:36 PM"
174.198.8.49,Web,"Sep 22, 2020, 9:48:10 PM"
64.67.40.162,Web,"Sep 24, 2020, 2:22:38 AM"
208.58.20.194,Web,"Sep 24, 2020, 1:13:57 PM"
64.67.40.162,Web,"Sep 24, 2020, 11:15:50 PM"
64.67.40.162,Web,"Sep 26, 2020, 6:47:31 PM"
64.67.40.162,Web,"Sep 28, 2020, 6:52:17 PM"
174.198.5.191,Web,"Sep 30, 2020, 9:38:59 PM"
208.58.20.194,Web,"Oct 1, 2020, 3:25:04 PM"
74.111.124.204,Web,"Oct 4, 2020, 2:26:37 PM"
24.229.238.2,Web,"Oct 14, 2020, 9:54:35 PM"
174.198.9.1,Web,"Oct 15, 2020, 8:43:37 PM"
24.229.238.2,Web,"Oct 16, 2020, 9:17:39 PM"
174.198.7.7,Web,"Nov 3, 2020, 8:07:17 PM"
174.198.12.59,Web,"Nov 7, 2020, 6:09:24 PM"
208.58.20.194,Web,"Nov 18, 2020, 7:45:29 PM"
24.229.238.2,Web,"Nov 22, 2020, 5:49:37 PM"
24.229.238.2,Web,"Nov 23, 2020, 10:25:35 PM"
24.229.238.2,Web,"Dec 5, 2020, 2:02:43 PM"
24.229.238.2,Web,"Dec 12, 2020, 12:49:26 AM"
24.229.238.2,Mobile,"Dec 15, 2020, 5:21:10 PM"
24.229.238.2,Web,"Dec 15, 2020, 5:21:49 PM"
24.229.238.2,Web,"Dec 15, 2020, 5:38:19 PM"
24.229.238.2,Web,"Dec 15, 2020, 10:21:58 PM"
24.229.238.2,Web,"Dec 19, 2020, 9:15:58 PM"
24.229.238.2,Web,"Dec 21, 2020, 11:11:55 PM"
24.229.238.2,Web,"Jan 1, 2021, 2:17:13 PM"
24.229.238.2,Web,"Jan 1, 2021, 4:36:44 PM"
24.229.238.2,Web,"Jan 4, 2021, 2:32:37 AM"
174.198.14.148,Web,"Jan 10, 2021, 9:06:09 PM"
24.229.238.2,Web,"Jan 18, 2021, 7:02:40 PM"
24.229.238.2,Web,"Feb 15, 2021, 5:37:06 PM"
24.229.238.2,Web,"Mar 7, 2021, 9:22:00 PM"
24.229.238.2,Web,"Mar 11, 2021, 6:32:58 PM"
24.229.238.2,Web,"Mar 14, 2021, 4:35:53 PM"
24.229.238.2,Web,"Mar 14, 2021, 7:13:11 PM"
24.229.238.2,Web,"Mar 16, 2021, 11:38:44 AM"
24.229.238.2,Web,"Apr 5, 2021, 12:17:47 AM"
24.229.238.2,Web,"Apr 5, 2021, 9:23:32 PM"
209.107.182.155,Web,"Apr 8, 2021, 11:07:36 AM"
209.107.182.155,Web,"Apr 8, 2021, 11:08:09 AM"
24.229.238.2,Web,"May 14, 2021, 9:52:32 PM"
24.229.238.2,Web,"May 16, 2021, 3:13:54 AM"
209.107.190.61,Web,"Jun 1, 2021, 3:47:36 PM"
208.58.20.194,Web,"Jun 3, 2021, 12:08:10 PM"
2604:ca00:148:b190::c60:70ff,Mobile,"Jun 15, 2021, 12:49:27 PM"
24.229.238.2,Web,"Jul 1, 2021, 4:32:53 PM"
24.229.238.2,Web,"Jul 15, 2021, 1:09:31 PM"
24.229.238.2,Web,"Jul 20, 2021, 3:31:03 PM"
209.107.183.143,Web,"Jul 22, 2021, 11:58:25 AM"
24.229.238.2,Web,"Jul 23, 2021, 1:05:01 AM"
24.229.238.2,Web,"Jul 29, 2021, 12:00:39 AM"
24.229.238.2,Web,"Aug 8, 2021, 6:48:19 PM"
24.229.238.2,Web,"Aug 27, 2021, 12:57:04 AM"
24.229.238.2,Web,"Aug 30, 2021, 10:59:37 PM"
24.229.238.2,Web,"Oct 7, 2021, 1:05:31 AM"
24.229.238.2,Web,"Oct 11, 2021, 9:36:25 PM"
24.229.238.2,Web,"Nov 26, 2021, 2:06:53 AM"
24.229.238.2,Mobile,"Dec 3, 2021, 7:09:12 PM"
24.229.238.2,Web,"Dec 6, 2021, 4:20:15 AM"
24.229.238.2,Web,"Dec 11, 2021, 8:05:37 PM"
24.229.238.2,Web,"Dec 31, 2021, 2:38:57 PM"
18.117.188.198,Web,"Jan 3, 2022, 3:59:33 PM"
24.229.238.2,Web,"Jan 15, 2022, 8:09:04 PM"
24.229.238.2,Web,"Jan 16, 2022, 4:36:28 AM"
3.17.186.99,Web,"Feb 9, 2022, 3:16:39 PM"
24.229.238.2,Web,"Feb 22, 2022, 10:20:35 PM"
24.229.238.2,Web,"Mar 17, 2022, 11:17:19 PM"
2600:1002:b039:e0f0:0:32:b7d5:b201,Mobile,"Apr 9, 2022, 5:46:44 PM"
2600:1002:b01f:5ab1:0:54:b3ba:aa01,Web,"Jun 5, 2022, 1:29:09 PM"
24.229.238.2,Web,"Jun 5, 2022, 5:27:12 PM"
2600:1002:b133:1e8e:0:36:f6c1:5601,Web,"Jun 12, 2022, 11:53:23 PM"
73.134.198.209,Web,"Jun 13, 2022, 11:29:05 AM"
24.229.238.2,Web,"Jul 3, 2022, 7:41:39 PM"
24.229.238.2,Web,"Jul 4, 2022, 1:57:12 PM"
24.229.238.2,Web,"Jul 10, 2022, 2:28:38 AM"
24.229.238.2,Web,"Jul 10, 2022, 2:53:00 AM"
24.229.238.2,Web,"Jul 10, 2022, 3:41:55 AM"
2600:1016:b00c:3402:0:4e:f84b:6601,Web,"Aug 30, 2022, 7:06:47 PM"
128.237.82.2,Web,"Sep 2, 2022, 2:26:53 PM"
128.237.82.17,Web,"Sep 24, 2022, 12:27:10 AM"
24.229.238.2,Web,"Oct 17, 2022, 10:14:05 PM"
128.237.82.2,Web,"Dec 3, 2022, 1:15:02 AM"
24.229.238.2,Web,"Jan 12, 2023, 1:18:59 AM"
128.237.82.9,Web,"Jan 27, 2023, 7:10:47 PM"
128.237.82.22,Web,"Mar 3, 2023, 8:44:05 PM"
128.237.82.9,Web,"Mar 12, 2023, 10:03:23 PM"
128.2.149.7,Web,"Mar 22, 2023, 7:46:56 PM"
128.237.82.7,Web,"Apr 12, 2023, 1:29:30 AM"
128.237.82.7,Web,"Apr 17, 2023, 2:55:19 PM"
128.237.82.7,Web,"Apr 18, 2023, 9:17:02 PM"
128.237.82.14,Web,"Apr 24, 2023, 6:26:25 PM"
128.237.82.7,Web,"Apr 30, 2023, 9:10:59 PM"
2606:40:13c:5da::62:a3df,Web,"May 25, 2023, 12:51:02 PM"
24.229.238.2,Web,"Jul 18, 2023, 10:46:07 PM"
2600:1002:b037:c9e4:0:7:cde4:1301,Web,"Jul 19, 2023, 4:34:58 PM"
24.229.238.2,Web,"Jul 23, 2023, 2:11:25 PM"
24.229.238.2,Web,"Jul 26, 2023, 1:18:23 AM"
2600:1002:b051:107f:b836:af00:9aad:bc7d,Web,"Jul 27, 2023, 11:19:35 PM"
128.237.82.20,Web,"Aug 30, 2023, 7:30:21 PM"
128.237.82.23,Web,"Sep 7, 2023, 11:41:39 PM"
128.237.82.23,Web,"Sep 12, 2023, 2:54:11 AM"
128.237.82.25,Web,"Oct 8, 2023, 12:49:14 PM"
128.237.82.25,Web,"Oct 11, 2023, 12:43:57 AM"
24.229.238.2,Web,"Oct 14, 2023, 2:52:07 PM"
24.229.238.2,Web,"Oct 19, 2023, 6:21:08 PM"
128.237.82.7,Web,"Nov 17, 2023, 4:24:12 PM"
128.237.82.12,Web,"Nov 19, 2023, 4:29:15 AM"
24.229.238.2,Web,"Nov 23, 2023, 1:38:24 PM"
128.237.82.12,Web,"Dec 3, 2023, 2:14:28 PM"
128.237.82.12,Web,"Dec 3, 2023, 2:15:16 PM"
128.237.82.5,Web,"Dec 9, 2023, 2:55:23 AM"
2601:547:c802:1720:6c00:6f4e:cdb9:3588,Mobile,"Dec 27, 2023, 4:11:51 PM"
24.229.238.2,Web,"Dec 29, 2023, 7:58:46 PM"
24.229.238.2,Web,"Jan 5, 2024, 5:31:45 PM"
